{
    "ax": -679.9170099022494,
    "ay": 266.7449984139489,
    "az": 8898.880532955221,
    "gx": 85.59867535091698,
    "gy": -90.44458518883776,
    "gz": 46.94893012149778
}