{
    "ax": -95.16993192753195,
    "ay": -561.6472935277734,
    "az": 1472.6930653889222,
    "gx": 164.77454393364766,
    "gy": -152.20713124391824,
    "gz": 94.94293308896046
}