{
    "ax": -330.0267842594798,
    "ay": -160.20182364002807,
    "az": 1314.484075700752,
    "gx": 189.76945711199625,
    "gy": -154.63821897583057,
    "gz": 92.65504577658226
}