{
    "ax": -1343.7428223233717,
    "ay": 530.7872687741383,
    "az": 1538.174365485268,
    "gx": 176.02165423885342,
    "gy": -175.3406670175403,
    "gz": 93.0957668286889
}