{
    "ax": -284.93386245791646,
    "ay": -249.11572697214365,
    "az": 1387.245641241694,
    "gx": 176.94100124356095,
    "gy": -150.91919156032534,
    "gz": 97.02433178168152
}