{
    "ax": -113.32573908044685,
    "ay": -348.615903541232,
    "az": 1597.5184263046706,
    "gx": 135.65020371413988,
    "gy": -154.70473047496105,
    "gz": 85.5982581914942
}